,,,,,,,,,,,,,,,,,,,,,,,,,,,,,,,,,
,,,,,,,,,,,,,,,,,,,,,,,,,,,,,,,,,
AIRFRAME LOGBOOK,,,,,,,,,,,,,ENGINE LOGBOOK  LH,,,,,,,,,,,ENGINE LOGBOOK  RH,,,,,,,,,
,,,,,,,,,,,,,,,,,,,,,,,,,,,,,,,,,
Registry No.:,RP-C8015,,,,,,,SN:,20536,,,,Registry No.:,RP-C8015,,,,,,Eng. SN:,P-674544,,,Registry No.:,RP-C8015,,,,,,Eng. SN:,P-674548,
DATE,CYCLES,TAC,FLT TIME,,TAT,,BLOCK,,TOT BLOCK,,,,DATE,CYCLES,CSN,CSO,FLT TIME,,TSN,,TSO,,,DATE,CYCLES,CSN,CSO,FLT TIME,,TSN,,TSO,
,,,h,m,h,m,h,m,h,m,,,,,,,h,m,h,m,h,m,,,,,,h,m,h,m,h,m
Totals brought forward:,,"  42,254 ",,,"  45,438 ",:23,,,,,,,Totals brought forward:,,"  23,428 ","  3,739 ",,,"  23,860 ",:16,"  3,770 ",:12,,Totals brought forward:,,"  28,256 ","  10,317 ",,,"  29,229 ",:47,"  11,042 ",:42
30-Dec-05,1,"  42,255 ",1,:08,"  45,439 ",:31,1,:28,1,:28,,,30-Dec-05,1,"  23,429 ","  3,740 ",1,:08,"  23,861 ",:24,"  3,771 ",:20,,30-Dec-05,1,"  28,257 ","  10,318 ",1,:08,"  29,230 ",:55,"  11,043 ",:50
06-Jan-05,1,"  42,256 ",2,:11,"  45,441 ",:42,2,:45,4,:13,,,06-Jan-05,1,"  23,430 ","  3,741 ",2,:11,"  23,863 ",:35,"  3,773 ",:31,,06-Jan-05,1,"  28,258 ","  10,319 ",2,:11,"  29,233 ",:06,"  11,046 ",:01
07-Jan-06,2,"  42,258 ",6,:35,"  45,448 ",:17,7,:07,11,:20,,,07-Jan-06,2,"  23,432 ","  3,743 ",6,:35,"  23,870 ",:10,"  3,780 ",:06,,07-Jan-06,2,"  28,260 ","  10,321 ",6,:35,"  29,239 ",:41,"  11,052 ",:36
09-Jan-06,2,"  42,260 ",6,:41,"  45,454 ",:58,7,:13,18,:33,,,09-Jan-06,2,"  23,434 ","  3,745 ",6,:41,"  23,876 ",:51,"  3,786 ",:47,,09-Jan-06,2,"  28,262 ","  10,323 ",6,:41,"  29,246 ",:22,"  11,059 ",:17
10-Jan-06,1,"  42,261 ",2,:28,"  45,457 ",:26,2,:49,21,:22,,,10-Jan-06,1,"  23,435 ","  3,746 ",2,:28,"  23,879 ",:19,"  3,789 ",:15,,10-Jan-06,1,"  28,263 ","  10,324 ",2,:28,"  29,248 ",:50,"  11,061 ",:45
11-Jan-06,3,"  42,264 ",9,:53,"  45,467 ",:19,10,:36,31,:58,,,11-Jan-06,3,"  23,438 ","  3,749 ",9,:53,"  23,889 ",:12,"  3,799 ",:08,,11-Jan-06,3,"  28,266 ","  10,327 ",9,:53,"  29,258 ",:43,"  11,071 ",:38
12-Jan-06,1,"  42,265 ",1,:41,"  45,469 ",:00,2,:00,33,:58,,,12-Jan-06,1,"  23,439 ","  3,750 ",1,:41,"  23,890 ",:53,"  3,800 ",:49,,12-Jan-06,1,"  28,267 ","  10,328 ",1,:41,"  29,260 ",:24,"  11,073 ",:19
24-Jan-06,2,"  42,267 ",0,:52,"  45,469 ",:52,1,:21,35,:19,,,24-Jan-06,2,"  23,441 ","  3,752 ",0,:52,"  23,891 ",:45,"  3,801 ",:41,,24-Jan-06,2,"  28,269 ","  10,330 ",0,:52,"  29,261 ",:16,"  11,074 ",:11
25-Jan-06,2,"  42,269 ",1,:06,"  45,470 ",:58,1,:23,36,:42,,,25-Jan-06,2,"  23,443 ","  3,754 ",1,:06,"  23,892 ",:51,"  3,802 ",:47,,25-Jan-06,2,"  28,271 ","  10,332 ",1,:06,"  29,262 ",:22,"  11,075 ",:17
08-Mar-06,5,"  42,274 ",6,:32,"  45,477 ",:30,7,:58,44,:40,,,08-Mar-06,5,"  23,448 ","  3,759 ",6,:32,"  23,899 ",:23,"  3,809 ",:19,,08-Mar-06,5,"  28,276 ","  10,337 ",6,:32,"  29,268 ",:54,"  11,081 ",:49
16-Mar-06,5,"  42,279 ",6,:26,"  45,483 ",:56,7,:32,52,:12,,,16-Mar-06,5,"  23,453 ","  3,764 ",6,:26,"  23,905 ",:49,"  3,815 ",:45,,16-Mar-06,5,"  28,281 ","  10,342 ",6,:26,"  29,275 ",:20,"  11,088 ",:15
07-Apr-06,4,"  42,283 ",6,:08,"  45,490 ",:04,7,:04,59,:16,,,07-Apr-06,4,"  23,457 ","  3,768 ",6,:08,"  23,911 ",:57,"  3,821 ",:53,,07-Apr-06,4,"  28,285 ","  10,346 ",6,:08,"  29,281 ",:28,"  11,094 ",:23
17-Apr-06,5,"  42,288 ",7,:26,"  45,497 ",:30,8,:10,67,:26,,,17-Apr-06,5,"  23,462 ","  3,773 ",7,:26,"  23,919 ",:23,"  3,829 ",:19,,17-Apr-06,5,"  28,290 ","  10,351 ",7,:26,"  29,288 ",:54,"  11,101 ",:49
18-Apr-06,4,"  42,292 ",5,:44,"  45,503 ",:14,6,:36,74,:02,,,18-Apr-06,4,"  23,466 ","  3,777 ",5,:44,"  23,925 ",:07,"  3,835 ",:03,,18-Apr-06,4,"  28,294 ","  10,355 ",5,:44,"  29,294 ",:38,"  11,107 ",:33
19-Apr-06,4,"  42,296 ",5,:30,"  45,508 ",:44,6,:14,80,:16,,,19-Apr-06,4,"  23,470 ","  3,781 ",5,:30,"  23,930 ",:37,"  3,840 ",:33,,19-Apr-06,4,"  28,298 ","  10,359 ",5,:30,"  29,300 ",:08,"  11,113 ",:03
20-Apr-06,4,"  42,300 ",6,:09,"  45,514 ",:53,6,:53,87,:09,,,20-Apr-06,4,"  23,474 ","  3,785 ",6,:09,"  23,936 ",:46,"  3,846 ",:42,,20-Apr-06,4,"  28,302 ","  10,363 ",6,:09,"  29,306 ",:17,"  11,119 ",:12
21-Apr-06,4,"  42,304 ",5,:52,"  45,520 ",:45,6,:43,93,:52,,,21-Apr-06,4,"  23,478 ","  3,789 ",5,:52,"  23,942 ",:38,"  3,852 ",:34,,21-Apr-06,4,"  28,306 ","  10,367 ",5,:52,"  29,312 ",:09,"  11,125 ",:04
22-Apr-06,1,"  42,305 ",1,:43,"  45,522 ",:28,1,:52,95,:44,,,22-Apr-06,1,"  23,479 ","  3,790 ",1,:43,"  23,944 ",:21,"  3,854 ",:17,,22-Apr-06,1,"  28,307 ","  10,368 ",1,:43,"  29,313 ",:52,"  11,126 ",:47
25-Apr-06,4,"  42,309 ",6,:13,"  45,528 ",:41,7,:00,102,:44,,,25-Apr-06,4,"  23,483 ","  3,794 ",6,:13,"  23,950 ",:34,"  3,860 ",:30,,25-Apr-06,4,"  28,311 ","  10,372 ",6,:13,"  29,320 ",:05,"  11,133 ",:00
26-Apr-06,4,"  42,313 ",6,:26,"  45,535 ",:07,7,:11,109,:55,,,26-Apr-06,4,"  23,487 ","  3,798 ",6,:26,"  23,957 ",:00,"  3,866 ",:56,,26-Apr-06,4,"  28,315 ","  10,376 ",6,:26,"  29,326 ",:31,"  11,139 ",:26
27-Apr-06,4,"  42,317 ",6,:19,"  45,541 ",:26,7,:10,117,:05,,,27-Apr-06,4,"  23,491 ","  3,802 ",6,:19,"  23,963 ",:19,"  3,873 ",:15,,27-Apr-06,4,"  28,319 ","  10,380 ",6,:19,"  29,332 ",:50,"  11,145 ",:45
28-Apr-06,4,"  42,321 ",6,:30,"  45,547 ",:56,7,:08,124,:13,,,28-Apr-06,4,"  23,495 ","  3,806 ",6,:30,"  23,969 ",:49,"  3,879 ",:45,,28-Apr-06,4,"  28,323 ","  10,384 ",6,:30,"  29,339 ",:20,"  11,152 ",:15
29-Apr-06,4,"  42,325 ",6,:02,"  45,553 ",:58,7,:01,131,:14,,,29-Apr-06,4,"  23,499 ","  3,810 ",6,:02,"  23,975 ",:51,"  3,885 ",:47,,29-Apr-06,4,"  28,327 ","  10,388 ",6,:02,"  29,345 ",:22,"  11,158 ",:17
30-Apr-06,2,"  42,327 ",3,:00,"  45,556 ",:58,3,:33,134,:47,,,30-Apr-06,2,"  23,501 ","  3,812 ",3,:00,"  23,978 ",:51,"  3,888 ",:47,,30-Apr-06,2,"  28,329 ","  10,390 ",3,:00,"  29,348 ",:22,"  11,161 ",:17
08-Aug-06,1,"  42,328 ",0,:07,"  45,557 ",:05,0,:25,135,:12,,,08-Aug-06,1,"  23,502 ","  3,813 ",0,:07,"  23,978 ",:58,"  3,888 ",:54,,08-Aug-06,1,"  28,330 ","  10,391 ",0,:07,"  29,348 ",:29,"  11,161 ",:24
09-Aug-06,1,"  42,329 ",0,:13,"  45,557 ",:18,0,:25,135,:37,,,09-Aug-06,1,"  23,503 ","  3,814 ",0,:13,"  23,979 ",:11,"  3,889 ",:07,,09-Aug-06,1,"  28,331 ","  10,392 ",0,:13,"  29,348 ",:42,"  11,161 ",:37
19-Sep-06,1,"  42,330 ",0,:06,"  45,557 ",:24,0,:29,136,:06,,,19-Sep-06,1,"  23,504 ","  3,815 ",0,:06,"  23,979 ",:17,"  3,889 ",:13,,19-Sep-06,1,"  28,332 ","  10,393 ",0,:06,"  29,348 ",:48,"  11,161 ",:43
20-Sep-06,1,"  42,331 ",0,:40,"  45,558 ",:04,0,:50,136,:56,,,20-Sep-06,1,"  23,505 ","  3,816 ",0,:40,"  23,979 ",:57,"  3,889 ",:53,,20-Sep-06,1,"  28,333 ","  10,394 ",0,:40,"  29,349 ",:28,"  11,162 ",:23
21-Sep-06,2,"  42,333 ",1,:05,"  45,559 ",:09,1,:31,138,:27,,,21-Sep-06,2,"  23,507 ","  3,818 ",1,:05,"  23,981 ",:02,"  3,890 ",:58,,21-Sep-06,2,"  28,335 ","  10,396 ",1,:05,"  29,350 ",:33,"  11,163 ",:28
04-Oct-06,1,"  42,334 ",0,:25,"  45,559 ",:34,0,:50,139,:17,,,04-Oct-06,1,"  23,508 ","  3,819 ",0,:25,"  23,981 ",:27,"  3,891 ",:23,,04-Oct-06,1,"  28,336 ","  10,397 ",0,:25,"  29,350 ",:58,"  11,163 ",:53
06-Oct-06,,"  42,334 ",0,:00,"  45,559 ",:34,0,:23,139,:40,,,06-Oct-06,,"  23,508 ","  3,819 ",0,:00,"  23,981 ",:27,"  3,891 ",:23,,06-Oct-06,,"  28,336 ","  10,397 ",0,:00,"  29,350 ",:58,"  11,163 ",:53
09-Oct-06,1,"  42,335 ",0,:40,"  45,560 ",:14,1,:00,140,:40,,,09-Oct-06,1,"  23,509 ","  3,820 ",0,:40,"  23,982 ",:07,"  3,892 ",:03,,09-Oct-06,1,"  28,337 ","  10,398 ",0,:40,"  29,351 ",:38,"  11,164 ",:33
12-Oct-06,3,"  42,338 ",4,:21,"  45,564 ",:35,5,:19,145,:59,,,12-Oct-06,3,"  23,512 ","  3,823 ",4,:21,"  23,986 ",:28,"  3,896 ",:24,,12-Oct-06,3,"  28,340 ","  10,401 ",4,:21,"  29,355 ",:59,"  11,168 ",:54
13-Oct-06,4,"  42,342 ",5,:22,"  45,569 ",:57,6,:18,152,:17,,,13-Oct-06,4,"  23,516 ","  3,827 ",5,:22,"  23,991 ",:50,"  3,901 ",:46,,13-Oct-06,4,"  28,344 ","  10,405 ",5,:22,"  29,361 ",:21,"  11,174 ",:16
14-Oct-06,4,"  42,346 ",5,:18,"  45,575 ",:15,6,:42,158,:59,,,14-Oct-06,4,"  23,520 ","  3,831 ",5,:18,"  23,997 ",:08,"  3,907 ",:04,,14-Oct-06,4,"  28,348 ","  10,409 ",5,:18,"  29,366 ",:39,"  11,179 ",:34
15-Oct-06,4,"  42,350 ",5,:29,"  45,580 ",:44,6,:33,165,:32,,,15-Oct-06,4,"  23,524 ","  3,835 ",5,:29,"  24,002 ",:37,"  3,912 ",:33,,15-Oct-06,4,"  28,352 ","  10,413 ",5,:29,"  29,372 ",:08,"  11,185 ",:03
17-Oct-06,4,"  42,354 ",5,:36,"  45,586 ",:20,6,:24,171,:56,,,17-Oct-06,4,"  23,528 ","  3,839 ",5,:36,"  24,008 ",:13,"  3,918 ",:09,,17-Oct-06,4,"  28,356 ","  10,417 ",5,:36,"  29,377 ",:44,"  11,190 ",:39
18-Oct-06,4,"  42,358 ",5,:21,"  45,591 ",:41,6,:13,178,:09,,,18-Oct-06,4,"  23,532 ","  3,843 ",5,:21,"  24,013 ",:34,"  3,923 ",:30,,18-Oct-06,4,"  28,360 ","  10,421 ",5,:21,"  29,383 ",:05,"  11,196 ",:00
19-Oct-06,4,"  42,362 ",5,:15,"  45,596 ",:56,6,:02,184,:11,,,19-Oct-06,4,"  23,536 ","  3,847 ",5,:15,"  24,018 ",:49,"  3,928 ",:45,,19-Oct-06,4,"  28,364 ","  10,425 ",5,:15,"  29,388 ",:20,"  11,201 ",:15
20-Oct-06,4,"  42,366 ",5,:23,"  45,602 ",:19,6,:06,190,:17,,,20-Oct-06,4,"  23,540 ","  3,851 ",5,:23,"  24,024 ",:12,"  3,934 ",:08,,20-Oct-06,4,"  28,368 ","  10,429 ",5,:23,"  29,393 ",:43,"  11,206 ",:38
21-Oct-06,4,"  42,370 ",5,:24,"  45,607 ",:43,6,:11,196,:28,,,21-Oct-06,4,"  23,544 ","  3,855 ",5,:24,"  24,029 ",:36,"  3,939 ",:32,,21-Oct-06,4,"  28,372 ","  10,433 ",5,:24,"  29,399 ",:07,"  11,212 ",:02
22-Oct-06,4,"  42,374 ",5,:16,"  45,612 ",:59,5,:50,202,:18,,,22-Oct-06,4,"  23,548 ","  3,859 ",5,:16,"  24,034 ",:52,"  3,944 ",:48,,22-Oct-06,4,"  28,376 ","  10,437 ",5,:16,"  29,404 ",:23,"  11,217 ",:18
24-Oct-06,4,"  42,378 ",5,:23,"  45,618 ",:22,6,:07,208,:25,,,24-Oct-06,4,"  23,552 ","  3,863 ",5,:23,"  24,040 ",:15,"  3,950 ",:11,,24-Oct-06,4,"  28,380 ","  10,441 ",5,:23,"  29,409 ",:46,"  11,222 ",:41
25-Oct-06,4,"  42,382 ",5,:50,"  45,624 ",:12,6,:27,214,:52,,,25-Oct-06,4,"  23,556 ","  3,867 ",5,:50,"  24,046 ",:05,"  3,956 ",:01,,25-Oct-06,4,"  28,384 ","  10,445 ",5,:50,"  29,415 ",:36,"  11,228 ",:31
26-Oct-06,4,"  42,386 ",5,:20,"  45,629 ",:32,6,:06,220,:58,,,26-Oct-06,4,"  23,560 ","  3,871 ",5,:20,"  24,051 ",:25,"  3,961 ",:21,,26-Oct-06,4,"  28,388 ","  10,449 ",5,:20,"  29,420 ",:56,"  11,233 ",:51
27-Oct-06,4,"  42,390 ",5,:31,"  45,635 ",:03,6,:17,227,:15,,,27-Oct-06,4,"  23,564 ","  3,875 ",5,:31,"  24,056 ",:56,"  3,966 ",:52,,27-Oct-06,4,"  28,392 ","  10,453 ",5,:31,"  29,426 ",:27,"  11,239 ",:22
28-Oct-06,4,"  42,394 ",5,:30,"  45,640 ",:33,6,:24,233,:39,,,28-Oct-06,4,"  23,568 ","  3,879 ",5,:30,"  24,062 ",:26,"  3,972 ",:22,,28-Oct-06,4,"  28,396 ","  10,457 ",5,:30,"  29,431 ",:57,"  11,244 ",:52
29-Oct-06,4,"  42,398 ",5,:34,"  45,646 ",:07,6,:24,240,:03,,,29-Oct-06,4,"  23,572 ","  3,883 ",5,:34,"  24,068 ",:00,"  3,977 ",:56,,29-Oct-06,4,"  28,400 ","  10,461 ",5,:34,"  29,437 ",:31,"  11,250 ",:26
31-Oct-06,4,"  42,402 ",5,:21,"  45,651 ",:28,6,:07,246,:10,,,31-Oct-06,4,"  23,576 ","  3,887 ",5,:21,"  24,073 ",:21,"  3,983 ",:17,,31-Oct-06,4,"  28,404 ","  10,465 ",5,:21,"  29,442 ",:52,"  11,255 ",:47
01-Nov-06,4,"  42,406 ",5,:50,"  45,657 ",:18,6,:35,252,:45,,,01-Nov-06,4,"  23,580 ","  3,891 ",5,:50,"  24,079 ",:11,"  3,989 ",:07,,01-Nov-06,4,"  28,408 ","  10,469 ",5,:50,"  29,448 ",:42,"  11,261 ",:37
02-Nov-06,4,"  42,410 ",5,:32,"  45,662 ",:50,6,:25,259,:10,,,02-Nov-06,4,"  23,584 ","  3,895 ",5,:32,"  24,084 ",:43,"  3,994 ",:39,,02-Nov-06,4,"  28,412 ","  10,473 ",5,:32,"  29,454 ",:14,"  11,267 ",:09
03-Nov-06,4,"  42,414 ",5,:29,"  45,668 ",:19,6,:25,265,:35,,,03-Nov-06,4,"  23,588 ","  3,899 ",5,:29,"  24,090 ",:12,"  4,000 ",:08,,03-Nov-06,4,"  28,416 ","  10,477 ",5,:29,"  29,459 ",:43,"  11,272 ",:38
04-Nov-06,4,"  42,418 ",5,:27,"  45,673 ",:46,6,:10,271,:45,,,04-Nov-06,4,"  23,592 ","  3,903 ",5,:27,"  24,095 ",:39,"  4,005 ",:35,,04-Nov-06,4,"  28,420 ","  10,481 ",5,:27,"  29,465 ",:10,"  11,278 ",:05
05-Nov-06,2,"  42,420 ",2,:38,"  45,676 ",:24,2,:55,274,:40,,,05-Nov-06,2,"  23,594 ","  3,905 ",2,:38,"  24,098 ",:17,"  4,008 ",:13,,05-Nov-06,2,"  28,422 ","  10,483 ",2,:38,"  29,467 ",:48,"  11,280 ",:43
07-Nov-06,2,"  42,422 ",2,:43,"  45,679 ",:07,3,:11,277,:51,,,07-Nov-06,2,"  23,596 ","  3,907 ",2,:43,"  24,101 ",:00,"  4,010 ",:56,,07-Nov-06,2,"  28,424 ","  10,485 ",2,:43,"  29,470 ",:31,"  11,283 ",:26
08-Nov-06,4,"  42,426 ",5,:24,"  45,684 ",:31,6,:02,283,:53,,,08-Nov-06,4,"  23,600 ","  3,911 ",5,:24,"  24,106 ",:24,"  4,016 ",:20,,08-Nov-06,4,"  28,428 ","  10,489 ",5,:24,"  29,475 ",:55,"  11,288 ",:50
09-Nov-06,4,"  42,430 ",5,:16,"  45,689 ",:47,6,:08,290,:01,,,09-Nov-06,4,"  23,604 ","  3,915 ",5,:16,"  24,111 ",:40,"  4,021 ",:36,,09-Nov-06,4,"  28,432 ","  10,493 ",5,:16,"  29,481 ",:11,"  11,294 ",:06
10-Nov-06,6,"  42,436 ",7,:56,"  45,697 ",:43,6,:08,296,:09,,,10-Nov-06,6,"  23,610 ","  3,921 ",7,:56,"  24,119 ",:36,"  4,029 ",:32,,10-Nov-06,6,"  28,438 ","  10,499 ",7,:56,"  29,489 ",:07,"  11,302 ",:02
11-Nov-06,2,"  42,438 ",2,:46,"  45,700 ",:29,,,296,:09,,,11-Nov-06,2,"  23,612 ","  3,923 ",2,:46,"  24,122 ",:22,"  4,032 ",:18,,11-Nov-06,2,"  28,440 ","  10,501 ",2,:46,"  29,491 ",:53,"  11,304 ",:48
12-Nov-06,2,"  42,440 ",2,:41,"  45,703 ",:10,,,296,:09,,,12-Nov-06,2,"  23,614 ","  3,925 ",2,:41,"  24,125 ",:03,"  4,034 ",:59,,12-Nov-06,2,"  28,442 ","  10,503 ",2,:41,"  29,494 ",:34,"  11,307 ",:29
14-Nov-06,3,"  42,443 ",4,:10,"  45,707 ",:20,,,296,:09,,,14-Nov-06,3,"  23,617 ","  3,928 ",4,:10,"  24,129 ",:13,"  4,039 ",:09,,14-Nov-06,3,"  28,445 ","  10,506 ",4,:10,"  29,498 ",:44,"  11,311 ",:39
15-Nov-06,5,"  42,448 ",6,:16,"  45,713 ",:36,,,296,:09,,,15-Nov-06,5,"  23,622 ","  3,933 ",6,:16,"  24,135 ",:29,"  4,045 ",:25,,15-Nov-06,5,"  28,450 ","  10,511 ",6,:16,"  29,505 ",:00,"  11,317 ",:55
16-Nov-06,4,"  42,452 ",5,:22,"  45,718 ",:58,,,296,:09,,,16-Nov-06,4,"  23,626 ","  3,937 ",5,:22,"  24,140 ",:51,"  4,050 ",:47,,16-Nov-06,4,"  28,454 ","  10,515 ",5,:22,"  29,510 ",:22,"  11,323 ",:17
17-Nov-06,4,"  42,456 ",5,:11,"  45,724 ",:09,,,296,:09,,,17-Nov-06,4,"  23,630 ","  3,941 ",5,:11,"  24,146 ",:02,"  4,055 ",:58,,17-Nov-06,4,"  28,458 ","  10,519 ",5,:11,"  29,515 ",:33,"  11,328 ",:28
18-Nov-06,2,"  42,400 ",2,:53,"  45,649 ",:00,,,240,:03,,,18-Nov-06,2,"  23,574 ","  3,885 ",2,:53,"  24,070 ",:53,"  3,980 ",:49,,18-Nov-06,2,"  28,402 ","  10,463 ",2,:53,"  29,440 ",:24,"  11,253 ",:19
19-Nov-06,2,"  42,402 ",2,:32,"  45,651 ",:32,,,240,:03,,,19-Nov-06,2,"  23,576 ","  3,887 ",2,:32,"  24,073 ",:25,"  3,983 ",:21,,19-Nov-06,2,"  28,404 ","  10,465 ",2,:32,"  29,442 ",:56,"  11,255 ",:51
21-Nov-06,3,"  42,405 ",4,:15,"  45,655 ",:47,,,240,:03,,,21-Nov-06,3,"  23,579 ","  3,890 ",4,:15,"  24,077 ",:40,"  3,987 ",:36,,21-Nov-06,3,"  28,407 ","  10,468 ",4,:15,"  29,447 ",:11,"  11,260 ",:06
22-Nov-06,3,"  42,408 ",4,:09,"  45,659 ",:56,,,240,:03,,,22-Nov-06,3,"  23,582 ","  3,893 ",4,:09,"  24,081 ",:49,"  3,991 ",:45,,22-Nov-06,3,"  28,410 ","  10,471 ",4,:09,"  29,451 ",:20,"  11,264 ",:15
23-Nov-06,2,"  42,410 ",2,:34,"  45,662 ",:30,,,240,:03,,,23-Nov-06,2,"  23,584 ","  3,895 ",2,:34,"  24,084 ",:23,"  3,994 ",:19,,23-Nov-06,2,"  28,412 ","  10,473 ",2,:34,"  29,453 ",:54,"  11,266 ",:49
24-Nov-06,4,"  42,414 ",5,:17,"  45,667 ",:47,,,240,:03,,,24-Nov-06,4,"  23,588 ","  3,899 ",5,:17,"  24,089 ",:40,"  3,999 ",:36,,24-Nov-06,4,"  28,416 ","  10,477 ",5,:17,"  29,459 ",:11,"  11,272 ",:06
25-Nov-06,2,"  42,416 ",2,:40,"  45,670 ",:27,,,240,:03,,,25-Nov-06,2,"  23,590 ","  3,901 ",2,:40,"  24,092 ",:20,"  4,002 ",:16,,25-Nov-06,2,"  28,418 ","  10,479 ",2,:40,"  29,461 ",:51,"  11,274 ",:46
26-Nov-06,2,"  42,418 ",2,:31,"  45,672 ",:58,,,240,:03,,,26-Nov-06,2,"  23,592 ","  3,903 ",2,:31,"  24,094 ",:51,"  4,004 ",:47,,26-Nov-06,2,"  28,420 ","  10,481 ",2,:31,"  29,464 ",:22,"  11,277 ",:17
28-Nov-06,4,"  42,430 ",5,:20,"  45,689 ",:51,,,283,:53,,,28-Nov-06,4,"  23,604 ","  3,915 ",5,:20,"  24,111 ",:44,"  4,021 ",:40,,28-Nov-06,4,"  28,432 ","  10,493 ",5,:20,"  29,481 ",:15,"  11,294 ",:10
29-Nov-06,4,"  42,434 ",5,:15,"  45,695 ",:06,,,283,:53,,,29-Nov-06,4,"  23,608 ","  3,919 ",5,:15,"  24,116 ",:59,"  4,026 ",:55,,29-Nov-06,4,"  28,436 ","  10,497 ",5,:15,"  29,486 ",:30,"  11,299 ",:25
30-Nov-06,4,"  42,438 ",5,:15,"  45,700 ",:21,,,283,:53,,,30-Nov-06,4,"  23,612 ","  3,923 ",5,:15,"  24,122 ",:14,"  4,032 ",:10,,30-Nov-06,4,"  28,440 ","  10,501 ",5,:15,"  29,491 ",:45,"  11,304 ",:40
01-Dec-06,4,"  42,442 ",5,:51,"  45,706 ",:12,,,283,:53,,,01-Dec-06,4,"  23,616 ","  3,927 ",5,:51,"  24,128 ",:05,"  4,038 ",:01,,01-Dec-06,4,"  28,444 ","  10,505 ",5,:51,"  29,497 ",:36,"  11,310 ",:31
02-Dec-06,2,"  42,444 ",2,:43,"  45,708 ",:55,,,283,:53,,,02-Dec-06,2,"  23,618 ","  3,929 ",2,:43,"  24,130 ",:48,"  4,040 ",:44,,02-Dec-06,2,"  28,446 ","  10,507 ",2,:43,"  29,500 ",:19,"  11,313 ",:14
03-Dec-06,2,"  42,446 ",2,:40,"  45,711 ",:35,,,283,:53,,,03-Dec-06,2,"  23,620 ","  3,931 ",2,:40,"  24,133 ",:28,"  4,043 ",:24,,03-Dec-06,2,"  28,448 ","  10,509 ",2,:40,"  29,502 ",:59,"  11,315 ",:54
05-Dec-06,6,"  42,452 ",8,:15,"  45,719 ",:50,,,283,:53,,,05-Dec-06,6,"  23,626 ","  3,937 ",8,:15,"  24,141 ",:43,"  4,051 ",:39,,05-Dec-06,6,"  28,454 ","  10,515 ",8,:15,"  29,511 ",:14,"  11,324 ",:09
06-Dec-06,2,"  42,454 ",2,:37,"  45,722 ",:27,,,283,:53,,,06-Dec-06,2,"  23,628 ","  3,939 ",2,:37,"  24,144 ",:20,"  4,054 ",:16,,06-Dec-06,2,"  28,456 ","  10,517 ",2,:37,"  29,513 ",:51,"  11,326 ",:46
07-Dec-06,4,"  42,460 ",5,:18,"  45,729 ",:27,,,296,:09,,,07-Dec-06,4,"  23,634 ","  3,945 ",5,:18,"  24,151 ",:20,"  4,061 ",:16,,07-Dec-06,4,"  28,462 ","  10,523 ",5,:18,"  29,520 ",:51,"  11,333 ",:46
08-Dec-06,4,"  42,464 ",5,:11,"  45,734 ",:38,,,296,:09,,,08-Dec-06,4,"  23,638 ","  3,949 ",5,:11,"  24,156 ",:31,"  4,066 ",:27,,08-Dec-06,4,"  28,466 ","  10,527 ",5,:11,"  29,526 ",:02,"  11,338 ",:57
09-Dec-06,2,"  42,466 ",2,:46,"  45,737 ",:24,,,296,:09,,,09-Dec-06,2,"  23,640 ","  3,951 ",2,:46,"  24,159 ",:17,"  4,069 ",:13,,09-Dec-06,2,"  28,468 ","  10,529 ",2,:46,"  29,528 ",:48,"  11,341 ",:43
10-Dec-06,2,"  42,468 ",2,:36,"  45,740 ",:00,,,296,:09,,,10-Dec-06,2,"  23,642 ","  3,953 ",2,:36,"  24,161 ",:53,"  4,071 ",:49,,10-Dec-06,2,"  28,470 ","  10,531 ",2,:36,"  29,531 ",:24,"  11,344 ",:19
12-Dec-06,4,"  42,472 ",5,:43,"  45,745 ",:43,,,296,:09,,,12-Dec-06,4,"  23,646 ","  3,957 ",5,:43,"  24,167 ",:36,"  4,077 ",:32,,12-Dec-06,4,"  28,474 ","  10,535 ",5,:43,"  29,537 ",:07,"  11,350 ",:02
13-Dec-06,3,"  42,475 ",4,:12,"  45,749 ",:55,,,296,:09,,,13-Dec-06,3,"  23,649 ","  3,960 ",4,:12,"  24,171 ",:48,"  4,081 ",:44,,13-Dec-06,3,"  28,477 ","  10,538 ",4,:12,"  29,541 ",:19,"  11,354 ",:14
14-Dec-06,4,"  42,479 ",5,:23,"  45,755 ",:18,,,296,:09,,,14-Dec-06,4,"  23,653 ","  3,964 ",5,:23,"  24,177 ",:11,"  4,087 ",:07,,14-Dec-06,4,"  28,481 ","  10,542 ",5,:23,"  29,546 ",:42,"  11,359 ",:37
15-Dec-06,5,"  42,484 ",6,:26,"  45,761 ",:44,,,296,:09,,,15-Dec-06,5,"  23,658 ","  3,969 ",6,:26,"  24,183 ",:37,"  4,093 ",:33,,15-Dec-06,5,"  28,486 ","  10,547 ",6,:26,"  29,553 ",:08,"  11,366 ",:03
16-Dec-06,2,"  42,486 ",2,:50,"  45,764 ",:34,,,240,:03,,,16-Dec-06,2,"  23,594 ","  3,905 ",2,:50,"  24,097 ",:41,"  4,007 ",:37,,16-Dec-06,2,"  28,422 ","  10,483 ",2,:50,"  29,467 ",:12,"  11,280 ",:07
17-Dec-06,5,"  42,491 ",7,:52,"  45,772 ",:26,,,240,:03,,,17-Dec-06,5,"  23,599 ","  3,910 ",7,:52,"  24,105 ",:33,"  4,015 ",:29,,17-Dec-06,5,"  28,427 ","  10,488 ",7,:52,"  29,475 ",:04,"  11,287 ",:59
18-Dec-06,1,"  42,492 ",3,:39,"  45,776 ",:05,,,240,:03,,,18-Dec-06,1,"  23,600 ","  3,911 ",3,:39,"  24,109 ",:12,"  4,019 ",:08,,18-Dec-06,1,"  28,428 ","  10,489 ",3,:39,"  29,478 ",:43,"  11,291 ",:38
19-Dec-06,5,"  42,497 ",6,:45,"  45,782 ",:50,,,240,:03,,,19-Dec-06,5,"  23,605 ","  3,916 ",6,:45,"  24,115 ",:57,"  4,025 ",:53,,19-Dec-06,5,"  28,433 ","  10,494 ",6,:45,"  29,485 ",:28,"  11,298 ",:23
20-Dec-06,4,"  42,501 ",5,:29,"  45,788 ",:19,,,240,:03,,,20-Dec-06,4,"  23,609 ","  3,920 ",5,:29,"  24,121 ",:26,"  4,031 ",:22,,20-Dec-06,4,"  28,437 ","  10,498 ",5,:29,"  29,490 ",:57,"  11,303 ",:52
21 Dec.06,4,"  42,505 ",5,:35,"  45,793 ",:54,,,240,:03,,,21 Dec.06,4,"  23,613 ","  3,924 ",5,:35,"  24,127 ",:01,"  4,036 ",:57,,21 Dec.06,4,"  28,441 ","  10,502 ",5,:35,"  29,496 ",:32,"  11,309 ",:27
22 Dec.06,4,"  42,509 ",5,:21,"  45,799 ",:15,,,240,:03,,,22 Dec.06,4,"  23,617 ","  3,928 ",5,:21,"  24,132 ",:22,"  4,042 ",:18,,22 Dec.06,4,"  28,445 ","  10,506 ",5,:21,"  29,501 ",:53,"  11,314 ",:48
23-Dec-06,2,"  42,511 ",2,:54,"  45,802 ",:09,,,240,:03,,,23-Dec-06,2,"  23,619 ","  3,930 ",2,:54,"  24,135 ",:16,"  4,045 ",:12,,23-Dec-06,2,"  28,447 ","  10,508 ",2,:54,"  29,504 ",:47,"  11,317 ",:42
24 Dec.06,2,"  42,513 ",2,:41,"  45,804 ",:50,,,283,:53,,,24 Dec.06,2,"  23,630 ","  3,941 ",2,:41,"  24,147 ",:01,"  4,056 ",:57,,24 Dec.06,2,"  28,458 ","  10,519 ",2,:41,"  29,516 ",:32,"  11,329 ",:27
26 Dec.06,4,"  42,517 ",5,:28,"  45,810 ",:18,,,283,:53,,,26 Dec.06,4,"  23,634 ","  3,945 ",5,:28,"  24,152 ",:29,"  4,062 ",:25,,26 Dec.06,4,"  28,462 ","  10,523 ",5,:28,"  29,522 ",:00,"  11,334 ",:55
27 Dec.06,4,"  42,521 ",5,:23,"  45,815 ",:41,,,283,:53,,,27 Dec.06,4,"  23,638 ","  3,949 ",5,:23,"  24,157 ",:52,"  4,067 ",:48,,27 Dec.06,4,"  28,466 ","  10,527 ",5,:23,"  29,527 ",:23,"  11,340 ",:18
28 Dec.06,4,"  42,525 ",5,:31,"  45,821 ",:12,,,283,:53,,,28 Dec.06,4,"  23,642 ","  3,953 ",5,:31,"  24,163 ",:23,"  4,073 ",:19,,28 Dec.06,4,"  28,470 ","  10,531 ",5,:31,"  29,532 ",:54,"  11,345 ",:49
29 Dec.06,4,"  42,529 ",5,:40,"  45,826 ",:52,,,283,:53,,,29 Dec.06,4,"  23,646 ","  3,957 ",5,:40,"  24,169 ",:03,"  4,078 ",:59,,29 Dec.06,4,"  28,474 ","  10,535 ",5,:40,"  29,538 ",:34,"  11,351 ",:29
30 Dec.06 ,2,"  42,531 ",2,:56,"  45,829 ",:48,,,283,:53,,,30 Dec.06 ,2,"  23,648 ","  3,959 ",2,:56,"  24,171 ",:59,"  4,081 ",:55,,30 Dec.06 ,2,"  28,476 ","  10,537 ",2,:56,"  29,541 ",:30,"  11,354 ",:25
31 Dec.06,2,"  42,533 ",2,:25,"  45,832 ",:13,,,283,:53,,,31 Dec.06,2,"  23,650 ","  3,961 ",2,:25,"  24,174 ",:24,"  4,084 ",:20,,31 Dec.06,2,"  28,478 ","  10,539 ",2,:25,"  29,543 ",:55,"  11,356 ",:50
03 Jan.07,4,"  42,537 ",5,:26,"  45,837 ",:39,,,283,:53,,,03 Jan.07,4,"  23,654 ","  3,965 ",5,:26,"  24,179 ",:50,"  4,089 ",:46,,03 Jan.07,4,"  28,482 ","  10,543 ",5,:26,"  29,549 ",:21,"  11,362 ",:16
04 Jan.07,4,"  42,541 ",5,:27,"  45,843 ",:06,,,296,:09,,,04 Jan.07,4,"  23,662 ","  3,973 ",5,:27,"  24,189 ",:04,"  4,099 ",:00,,04 Jan.07,4,"  28,490 ","  10,551 ",5,:27,"  29,558 ",:35,"  11,371 ",:30
05 Jan.07,4,"  42,545 ",5,:22,"  45,848 ",:28,,,296,:09,,,05 Jan.07,4,"  23,666 ","  3,977 ",5,:22,"  24,194 ",:26,"  4,104 ",:22,,05 Jan.07,4,"  28,494 ","  10,555 ",5,:22,"  29,563 ",:57,"  11,376 ",:52
"06 Jan,07",2,"  42,547 ",2,:50,"  45,851 ",:18,,,296,:09,,,"06 Jan,07",2,"  23,668 ","  3,979 ",2,:50,"  24,197 ",:16,"  4,107 ",:12,,"06 Jan,07",2,"  28,496 ","  10,557 ",2,:50,"  29,566 ",:47,"  11,379 ",:42
07 Jan.07,2,"  42,549 ",2,:48,"  45,854 ",:06,,,296,:09,,,07 Jan.07,2,"  23,670 ","  3,981 ",2,:48,"  24,200 ",:04,"  4,110 ",:00,,07 Jan.07,2,"  28,498 ","  10,559 ",2,:48,"  29,569 ",:35,"  11,382 ",:30
09 Jan.07,4,"  42,553 ",5,:22,"  45,859 ",:28,,,296,:09,,,09 Jan.07,4,"  23,674 ","  3,985 ",5,:22,"  24,205 ",:26,"  4,115 ",:22,,09 Jan.07,4,"  28,502 ","  10,563 ",5,:22,"  29,574 ",:57,"  11,387 ",:52
10 Jan.07,4,"  42,557 ",5,:16,"  45,864 ",:44,,,296,:09,,,10 Jan.07,4,"  23,678 ","  3,989 ",5,:16,"  24,210 ",:42,"  4,120 ",:38,,10 Jan.07,4,"  28,506 ","  10,567 ",5,:16,"  29,580 ",:13,"  11,393 ",:08
11 Jan.07,4,"  42,561 ",5,:21,"  45,870 ",:05,,,296,:09,,,11 Jan.07,4,"  23,682 ","  3,993 ",5,:21,"  24,216 ",:03,"  4,125 ",:59,,11 Jan.07,4,"  28,510 ","  10,571 ",5,:21,"  29,585 ",:34,"  11,398 ",:29
12 Jan.07,4,"  42,565 ",5,:19,"  45,875 ",:24,,,296,:09,,,12 Jan.07,4,"  23,686 ","  3,997 ",5,:19,"  24,221 ",:22,"  4,131 ",:18,,12 Jan.07,4,"  28,514 ","  10,575 ",5,:19,"  29,590 ",:53,"  11,403 ",:48
13 Jan.07,2,"  42,567 ",2,:52,"  45,878 ",:16,,,240,:03,,,13 Jan.07,2,"  23,621 ","  3,932 ",2,:52,"  24,138 ",:08,"  4,048 ",:04,,13 Jan.07,2,"  28,449 ","  10,510 ",2,:52,"  29,507 ",:39,"  11,320 ",:34
14 Jan.07,2,"  42,569 ",2,:45,"  45,881 ",:01,,,240,:03,,,14 Jan.07,2,"  23,623 ","  3,934 ",2,:45,"  24,140 ",:53,"  4,050 ",:49,,14 Jan.07,2,"  28,451 ","  10,512 ",2,:45,"  29,510 ",:24,"  11,323 ",:19
16 Jan.07,2,"  42,571 ",2,:04,"  45,883 ",:05,,,240,:03,,,16 Jan.07,2,"  23,625 ","  3,936 ",2,:04,"  24,142 ",:57,"  4,052 ",:53,,16 Jan.07,2,"  28,453 ","  10,514 ",2,:04,"  29,512 ",:28,"  11,325 ",:23
,,"  42,571 ",,,"  45,883 ",:05,,,240,:03,,,,,"  23,625 ","  3,936 ",,,"  24,142 ",:57,"  4,052 ",:53,,,,"  28,453 ","  10,514 ",,,"  29,512 ",:28,"  11,325 ",:23
,,"  42,571 ",,,"  45,883 ",:05,,,240,:03,,,,,"  23,625 ","  3,936 ",,,"  24,142 ",:57,"  4,052 ",:53,,,,"  28,453 ","  10,514 ",,,"  29,512 ",:28,"  11,325 ",:23
,,"  42,571 ",,,"  45,883 ",:05,,,240,:03,,,,,"  23,625 ","  3,936 ",,,"  24,142 ",:57,"  4,052 ",:53,,,,"  28,453 ","  10,514 ",,,"  29,512 ",:28,"  11,325 ",:23
,,"  42,571 ",,,"  45,883 ",:05,,,240,:03,,,,,"  23,625 ","  3,936 ",,,"  24,142 ",:57,"  4,052 ",:53,,,,"  28,453 ","  10,514 ",,,"  29,512 ",:28,"  11,325 ",:23
,,"  42,571 ",,,"  45,883 ",:05,,,240,:03,,,,,"  23,625 ","  3,936 ",,,"  24,142 ",:57,"  4,052 ",:53,,,,"  28,453 ","  10,514 ",,,"  29,512 ",:28,"  11,325 ",:23
,,"  42,456 ",,,"  45,724 ",:09,,,296,:09,,,,,"  23,630 ","  3,941 ",,,"  24,146 ",:02,"  4,055 ",:58,,,,"  28,458 ","  10,519 ",,,"  29,515 ",:33,"  11,328 ",:28
,,"  42,456 ",,,"  45,724 ",:09,,,296,:09,,,,,"  23,630 ","  3,941 ",,,"  24,146 ",:02,"  4,055 ",:58,,,,"  28,458 ","  10,519 ",,,"  29,515 ",:33,"  11,328 ",:28
,,"  42,456 ",,,"  45,724 ",:09,,,296,:09,,,,,"  23,630 ","  3,941 ",,,"  24,146 ",:02,"  4,055 ",:58,,,,"  28,458 ","  10,519 ",,,"  29,515 ",:33,"  11,328 ",:28
,,"  42,456 ",,,"  45,724 ",:09,,,296,:09,,,,,"  23,630 ","  3,941 ",,,"  24,146 ",:02,"  4,055 ",:58,,,,"  28,458 ","  10,519 ",,,"  29,515 ",:33,"  11,328 ",:28
,,"  42,456 ",,,"  45,724 ",:09,,,296,:09,,,,,"  23,630 ","  3,941 ",,,"  24,146 ",:02,"  4,055 ",:58,,,,"  28,458 ","  10,519 ",,,"  29,515 ",:33,"  11,328 ",:28
,,"  42,456 ",,,"  45,724 ",:09,,,296,:09,,,,,"  23,630 ","  3,941 ",,,"  24,146 ",:02,"  4,055 ",:58,,,,"  28,458 ","  10,519 ",,,"  29,515 ",:33,"  11,328 ",:28
,,"  42,456 ",,,"  45,724 ",:09,,,296,:09,,,,,"  23,630 ","  3,941 ",,,"  24,146 ",:02,"  4,055 ",:58,,,,"  28,458 ","  10,519 ",,,"  29,515 ",:33,"  11,328 ",:28
,,"  42,456 ",,,"  45,724 ",:09,,,296,:09,,,,,"  23,630 ","  3,941 ",,,"  24,146 ",:02,"  4,055 ",:58,,,,"  28,458 ","  10,519 ",,,"  29,515 ",:33,"  11,328 ",:28
,,"  42,456 ",,,"  45,724 ",:09,,,296,:09,,,,,"  23,630 ","  3,941 ",,,"  24,146 ",:02,"  4,055 ",:58,,,,"  28,458 ","  10,519 ",,,"  29,515 ",:33,"  11,328 ",:28
,,"  42,456 ",,,"  45,724 ",:09,,,296,:09,,,,,"  23,630 ","  3,941 ",,,"  24,146 ",:02,"  4,055 ",:58,,,,"  28,458 ","  10,519 ",,,"  29,515 ",:33,"  11,328 ",:28
,,"  42,456 ",,,"  45,724 ",:09,,,296,:09,,,,,"  23,630 ","  3,941 ",,,"  24,146 ",:02,"  4,055 ",:58,,,,"  28,458 ","  10,519 ",,,"  29,515 ",:33,"  11,328 ",:28
,,"  42,456 ",,,"  45,724 ",:09,,,296,:09,,,,,"  23,630 ","  3,941 ",,,"  24,146 ",:02,"  4,055 ",:58,,,,"  28,458 ","  10,519 ",,,"  29,515 ",:33,"  11,328 ",:28
,,"  42,456 ",,,"  45,724 ",:09,,,296,:09,,,,,"  23,630 ","  3,941 ",,,"  24,146 ",:02,"  4,055 ",:58,,,,"  28,458 ","  10,519 ",,,"  29,515 ",:33,"  11,328 ",:28
,,"  42,456 ",,,"  45,724 ",:09,,,296,:09,,,,,"  23,630 ","  3,941 ",,,"  24,146 ",:02,"  4,055 ",:58,,,,"  28,458 ","  10,519 ",,,"  29,515 ",:33,"  11,328 ",:28
,,"  42,456 ",,,"  45,724 ",:09,,,296,:09,,,,,"  23,630 ","  3,941 ",,,"  24,146 ",:02,"  4,055 ",:58,,,,"  28,458 ","  10,519 ",,,"  29,515 ",:33,"  11,328 ",:28
,,"  42,456 ",,,"  45,724 ",:09,,,296,:09,,,,,"  23,630 ","  3,941 ",,,"  24,146 ",:02,"  4,055 ",:58,,,,"  28,458 ","  10,519 ",,,"  29,515 ",:33,"  11,328 ",:28
,,"  42,456 ",,,"  45,724 ",:09,,,296,:09,,,,,"  23,630 ","  3,941 ",,,"  24,146 ",:02,"  4,055 ",:58,,,,"  28,458 ","  10,519 ",,,"  29,515 ",:33,"  11,328 ",:28
,,"  42,456 ",,,"  45,724 ",:09,,,296,:09,,,,,"  23,630 ","  3,941 ",,,"  24,146 ",:02,"  4,055 ",:58,,,,"  28,458 ","  10,519 ",,,"  29,515 ",:33,"  11,328 ",:28
,,"  42,456 ",,,"  45,724 ",:09,,,296,:09,,,,,"  23,630 ","  3,941 ",,,"  24,146 ",:02,"  4,055 ",:58,,,,"  28,458 ","  10,519 ",,,"  29,515 ",:33,"  11,328 ",:28
,,"  42,456 ",,,"  45,724 ",:09,,,296,:09,,,,,"  23,630 ","  3,941 ",,,"  24,146 ",:02,"  4,055 ",:58,,,,"  28,458 ","  10,519 ",,,"  29,515 ",:33,"  11,328 ",:28
,,"  42,456 ",,,"  45,724 ",:09,,,296,:09,,,,,"  23,630 ","  3,941 ",,,"  24,146 ",:02,"  4,055 ",:58,,,,"  28,458 ","  10,519 ",,,"  29,515 ",:33,"  11,328 ",:28
,,"  42,456 ",,,"  45,724 ",:09,,,296,:09,,,,,"  23,630 ","  3,941 ",,,"  24,146 ",:02,"  4,055 ",:58,,,,"  28,458 ","  10,519 ",,,"  29,515 ",:33,"  11,328 ",:28
,,"  42,456 ",,,"  45,724 ",:09,,,296,:09,,,,,"  23,630 ","  3,941 ",,,"  24,146 ",:02,"  4,055 ",:58,,,,"  28,458 ","  10,519 ",,,"  29,515 ",:33,"  11,328 ",:28
,,"  42,456 ",,,"  45,724 ",:09,,,296,:09,,,,,"  23,630 ","  3,941 ",,,"  24,146 ",:02,"  4,055 ",:58,,,,"  28,458 ","  10,519 ",,,"  29,515 ",:33,"  11,328 ",:28
,,"  42,456 ",,,"  45,724 ",:09,,,296,:09,,,,,"  23,630 ","  3,941 ",,,"  24,146 ",:02,"  4,055 ",:58,,,,"  28,458 ","  10,519 ",,,"  29,515 ",:33,"  11,328 ",:28
,,"  42,456 ",,,"  45,724 ",:09,,,296,:09,,,,,"  23,630 ","  3,941 ",,,"  24,146 ",:02,"  4,055 ",:58,,,,"  28,458 ","  10,519 ",,,"  29,515 ",:33,"  11,328 ",:28
,,"  42,456 ",,,"  45,724 ",:09,,,296,:09,,,,,"  23,630 ","  3,941 ",,,"  24,146 ",:02,"  4,055 ",:58,,,,"  28,458 ","  10,519 ",,,"  29,515 ",:33,"  11,328 ",:28
,,"  42,456 ",,,"  45,724 ",:09,,,296,:09,,,,,"  23,630 ","  3,941 ",,,"  24,146 ",:02,"  4,055 ",:58,,,,"  28,458 ","  10,519 ",,,"  29,515 ",:33,"  11,328 ",:28
,,"  42,456 ",,,"  45,724 ",:09,,,296,:09,,,,,"  23,630 ","  3,941 ",,,"  24,146 ",:02,"  4,055 ",:58,,,,"  28,458 ","  10,519 ",,,"  29,515 ",:33,"  11,328 ",:28
,,"  42,456 ",,,"  45,724 ",:09,,,296,:09,,,,,"  23,630 ","  3,941 ",,,"  24,146 ",:02,"  4,055 ",:58,,,,"  28,458 ","  10,519 ",,,"  29,515 ",:33,"  11,328 ",:28
,,"  42,456 ",,,"  45,724 ",:09,,,296,:09,,,,,"  23,630 ","  3,941 ",,,"  24,146 ",:02,"  4,055 ",:58,,,,"  28,458 ","  10,519 ",,,"  29,515 ",:33,"  11,328 ",:28
,,"  42,456 ",,,"  45,724 ",:09,,,296,:09,,,,,"  23,630 ","  3,941 ",,,"  24,146 ",:02,"  4,055 ",:58,,,,"  28,458 ","  10,519 ",,,"  29,515 ",:33,"  11,328 ",:28
,,"  42,456 ",,,"  45,724 ",:09,,,296,:09,,,,,"  23,630 ","  3,941 ",,,"  24,146 ",:02,"  4,055 ",:58,,,,"  28,458 ","  10,519 ",,,"  29,515 ",:33,"  11,328 ",:28
,,"  42,456 ",,,"  45,724 ",:09,,,296,:09,,,,,"  23,630 ","  3,941 ",,,"  24,146 ",:02,"  4,055 ",:58,,,,"  28,458 ","  10,519 ",,,"  29,515 ",:33,"  11,328 ",:28
,,"  42,456 ",,,"  45,724 ",:09,,,296,:09,,,,,"  23,630 ","  3,941 ",,,"  24,146 ",:02,"  4,055 ",:58,,,,"  28,458 ","  10,519 ",,,"  29,515 ",:33,"  11,328 ",:28
,,"  42,456 ",,,"  45,724 ",:09,,,296,:09,,,,,"  23,630 ","  3,941 ",,,"  24,146 ",:02,"  4,055 ",:58,,,,"  28,458 ","  10,519 ",,,"  29,515 ",:33,"  11,328 ",:28
,,"  42,456 ",,,"  45,724 ",:09,,,296,:09,,,,,"  23,630 ","  3,941 ",,,"  24,146 ",:02,"  4,055 ",:58,,,,"  28,458 ","  10,519 ",,,"  29,515 ",:33,"  11,328 ",:28
,,"  42,456 ",,,"  45,724 ",:09,,,296,:09,,,,,"  23,630 ","  3,941 ",,,"  24,146 ",:02,"  4,055 ",:58,,,,"  28,458 ","  10,519 ",,,"  29,515 ",:33,"  11,328 ",:28
,,"  42,456 ",,,"  45,724 ",:09,,,296,:09,,,,,"  23,630 ","  3,941 ",,,"  24,146 ",:02,"  4,055 ",:58,,,,"  28,458 ","  10,519 ",,,"  29,515 ",:33,"  11,328 ",:28
,,"  42,456 ",,,"  45,724 ",:09,,,296,:09,,,,,"  23,630 ","  3,941 ",,,"  24,146 ",:02,"  4,055 ",:58,,,,"  28,458 ","  10,519 ",,,"  29,515 ",:33,"  11,328 ",:28
,,"  42,456 ",,,"  45,724 ",:09,,,296,:09,,,,,"  23,630 ","  3,941 ",,,"  24,146 ",:02,"  4,055 ",:58,,,,"  28,458 ","  10,519 ",,,"  29,515 ",:33,"  11,328 ",:28
,,"  42,456 ",,,"  45,724 ",:09,,,296,:09,,,,,"  23,630 ","  3,941 ",,,"  24,146 ",:02,"  4,055 ",:58,,,,"  28,458 ","  10,519 ",,,"  29,515 ",:33,"  11,328 ",:28
,,"  42,456 ",,,"  45,724 ",:09,,,296,:09,,,,,"  23,630 ","  3,941 ",,,"  24,146 ",:02,"  4,055 ",:58,,,,"  28,458 ","  10,519 ",,,"  29,515 ",:33,"  11,328 ",:28
,,"  42,456 ",,,"  45,724 ",:09,,,296,:09,,,,,"  23,630 ","  3,941 ",,,"  24,146 ",:02,"  4,055 ",:58,,,,"  28,458 ","  10,519 ",,,"  29,515 ",:33,"  11,328 ",:28
,,"  42,456 ",,,"  45,724 ",:09,,,296,:09,,,,,"  23,630 ","  3,941 ",,,"  24,146 ",:02,"  4,055 ",:58,,,,"  28,458 ","  10,519 ",,,"  29,515 ",:33,"  11,328 ",:28
,,"  42,456 ",,,"  45,724 ",:09,,,296,:09,,,,,"  23,630 ","  3,941 ",,,"  24,146 ",:02,"  4,055 ",:58,,,,"  28,458 ","  10,519 ",,,"  29,515 ",:33,"  11,328 ",:28
,,"  42,456 ",,,"  45,724 ",:09,,,296,:09,,,,,"  23,630 ","  3,941 ",,,"  24,146 ",:02,"  4,055 ",:58,,,,"  28,458 ","  10,519 ",,,"  29,515 ",:33,"  11,328 ",:28
,,"  42,456 ",,,"  45,724 ",:09,,,296,:09,,,,,"  23,630 ","  3,941 ",,,"  24,146 ",:02,"  4,055 ",:58,,,,"  28,458 ","  10,519 ",,,"  29,515 ",:33,"  11,328 ",:28
,,"  42,456 ",,,"  45,724 ",:09,,,296,:09,,,,,"  23,630 ","  3,941 ",,,"  24,146 ",:02,"  4,055 ",:58,,,,"  28,458 ","  10,519 ",,,"  29,515 ",:33,"  11,328 ",:28
,,"  42,456 ",,,"  45,724 ",:09,,,296,:09,,,,,"  23,630 ","  3,941 ",,,"  24,146 ",:02,"  4,055 ",:58,,,,"  28,458 ","  10,519 ",,,"  29,515 ",:33,"  11,328 ",:28
,,"  42,456 ",,,"  45,724 ",:09,,,296,:09,,,,,"  23,630 ","  3,941 ",,,"  24,146 ",:02,"  4,055 ",:58,,,,"  28,458 ","  10,519 ",,,"  29,515 ",:33,"  11,328 ",:28
,,"  42,456 ",,,"  45,724 ",:09,,,296,:09,,,,,"  23,630 ","  3,941 ",,,"  24,146 ",:02,"  4,055 ",:58,,,,"  28,458 ","  10,519 ",,,"  29,515 ",:33,"  11,328 ",:28
,,"  42,456 ",,,"  45,724 ",:09,,,296,:09,,,,,"  23,630 ","  3,941 ",,,"  24,146 ",:02,"  4,055 ",:58,,,,"  28,458 ","  10,519 ",,,"  29,515 ",:33,"  11,328 ",:28
,,"  42,456 ",,,"  45,724 ",:09,,,296,:09,,,,,"  23,630 ","  3,941 ",,,"  24,146 ",:02,"  4,055 ",:58,,,,"  28,458 ","  10,519 ",,,"  29,515 ",:33,"  11,328 ",:28
,,"  42,456 ",,,"  45,724 ",:09,,,296,:09,,,,,"  23,630 ","  3,941 ",,,"  24,146 ",:02,"  4,055 ",:58,,,,"  28,458 ","  10,519 ",,,"  29,515 ",:33,"  11,328 ",:28
,,"  42,456 ",,,"  45,724 ",:09,,,296,:09,,,,,"  23,630 ","  3,941 ",,,"  24,146 ",:02,"  4,055 ",:58,,,,"  28,458 ","  10,519 ",,,"  29,515 ",:33,"  11,328 ",:28
,,"  42,456 ",,,"  45,724 ",:09,,,296,:09,,,,,"  23,630 ","  3,941 ",,,"  24,146 ",:02,"  4,055 ",:58,,,,"  28,458 ","  10,519 ",,,"  29,515 ",:33,"  11,328 ",:28
,,"  42,456 ",,,"  45,724 ",:09,,,296,:09,,,,,"  23,630 ","  3,941 ",,,"  24,146 ",:02,"  4,055 ",:58,,,,"  28,458 ","  10,519 ",,,"  29,515 ",:33,"  11,328 ",:28
,,"  42,456 ",,,"  45,724 ",:09,,,296,:09,,,,,"  23,630 ","  3,941 ",,,"  24,146 ",:02,"  4,055 ",:58,,,,"  28,458 ","  10,519 ",,,"  29,515 ",:33,"  11,328 ",:28
,,"  42,456 ",,,"  45,724 ",:09,,,296,:09,,,,,"  23,630 ","  3,941 ",,,"  24,146 ",:02,"  4,055 ",:58,,,,"  28,458 ","  10,519 ",,,"  29,515 ",:33,"  11,328 ",:28
,,"  42,456 ",,,"  45,724 ",:09,,,296,:09,,,,,"  23,630 ","  3,941 ",,,"  24,146 ",:02,"  4,055 ",:58,,,,"  28,458 ","  10,519 ",,,"  29,515 ",:33,"  11,328 ",:28
,,"  42,456 ",,,"  45,724 ",:09,,,296,:09,,,,,"  23,630 ","  3,941 ",,,"  24,146 ",:02,"  4,055 ",:58,,,,"  28,458 ","  10,519 ",,,"  29,515 ",:33,"  11,328 ",:28
,,"  42,456 ",,,"  45,724 ",:09,,,296,:09,,,,,"  23,630 ","  3,941 ",,,"  24,146 ",:02,"  4,055 ",:58,,,,"  28,458 ","  10,519 ",,,"  29,515 ",:33,"  11,328 ",:28
,,"  42,456 ",,,"  45,724 ",:09,,,296,:09,,,,,"  23,630 ","  3,941 ",,,"  24,146 ",:02,"  4,055 ",:58,,,,"  28,458 ","  10,519 ",,,"  29,515 ",:33,"  11,328 ",:28
,,"  42,456 ",,,"  45,724 ",:09,,,296,:09,,,,,"  23,630 ","  3,941 ",,,"  24,146 ",:02,"  4,055 ",:58,,,,"  28,458 ","  10,519 ",,,"  29,515 ",:33,"  11,328 ",:28
,,"  42,456 ",,,"  45,724 ",:09,,,296,:09,,,,,"  23,630 ","  3,941 ",,,"  24,146 ",:02,"  4,055 ",:58,,,,"  28,458 ","  10,519 ",,,"  29,515 ",:33,"  11,328 ",:28
,,"  42,456 ",,,"  45,724 ",:09,,,296,:09,,,,,"  23,630 ","  3,941 ",,,"  24,146 ",:02,"  4,055 ",:58,,,,"  28,458 ","  10,519 ",,,"  29,515 ",:33,"  11,328 ",:28
,,"  42,456 ",,,"  45,724 ",:09,,,296,:09,,,,,"  23,630 ","  3,941 ",,,"  24,146 ",:02,"  4,055 ",:58,,,,"  28,458 ","  10,519 ",,,"  29,515 ",:33,"  11,328 ",:28
,,"  42,456 ",,,"  45,724 ",:09,,,296,:09,,,,,"  23,630 ","  3,941 ",,,"  24,146 ",:02,"  4,055 ",:58,,,,"  28,458 ","  10,519 ",,,"  29,515 ",:33,"  11,328 ",:28
,,"  42,456 ",,,"  45,724 ",:09,,,296,:09,,,,,"  23,630 ","  3,941 ",,,"  24,146 ",:02,"  4,055 ",:58,,,,"  28,458 ","  10,519 ",,,"  29,515 ",:33,"  11,328 ",:28
,,"  42,456 ",,,"  45,724 ",:09,,,296,:09,,,,,"  23,630 ","  3,941 ",,,"  24,146 ",:02,"  4,055 ",:58,,,,"  28,458 ","  10,519 ",,,"  29,515 ",:33,"  11,328 ",:28
,,"  42,456 ",,,"  45,724 ",:09,,,296,:09,,,,,"  23,630 ","  3,941 ",,,"  24,146 ",:02,"  4,055 ",:58,,,,"  28,458 ","  10,519 ",,,"  29,515 ",:33,"  11,328 ",:28
,,"  42,456 ",,,"  45,724 ",:09,,,296,:09,,,,,"  23,630 ","  3,941 ",,,"  24,146 ",:02,"  4,055 ",:58,,,,"  28,458 ","  10,519 ",,,"  29,515 ",:33,"  11,328 ",:28
,,"  42,456 ",,,"  45,724 ",:09,,,296,:09,,,,,"  23,630 ","  3,941 ",,,"  24,146 ",:02,"  4,055 ",:58,,,,"  28,458 ","  10,519 ",,,"  29,515 ",:33,"  11,328 ",:28
,,"  42,456 ",,,"  45,724 ",:09,,,296,:09,,,,,"  23,630 ","  3,941 ",,,"  24,146 ",:02,"  4,055 ",:58,,,,"  28,458 ","  10,519 ",,,"  29,515 ",:33,"  11,328 ",:28
,,"  42,456 ",,,"  45,724 ",:09,,,296,:09,,,,,"  23,630 ","  3,941 ",,,"  24,146 ",:02,"  4,055 ",:58,,,,"  28,458 ","  10,519 ",,,"  29,515 ",:33,"  11,328 ",:28
,,"  42,456 ",,,"  45,724 ",:09,,,296,:09,,,,,"  23,630 ","  3,941 ",,,"  24,146 ",:02,"  4,055 ",:58,,,,"  28,458 ","  10,519 ",,,"  29,515 ",:33,"  11,328 ",:28
,,"  42,456 ",,,"  45,724 ",:09,,,296,:09,,,,,"  23,630 ","  3,941 ",,,"  24,146 ",:02,"  4,055 ",:58,,,,"  28,458 ","  10,519 ",,,"  29,515 ",:33,"  11,328 ",:28
,,"  42,456 ",,,"  45,724 ",:09,,,296,:09,,,,,"  23,630 ","  3,941 ",,,"  24,146 ",:02,"  4,055 ",:58,,,,"  28,458 ","  10,519 ",,,"  29,515 ",:33,"  11,328 ",:28
,,"  42,456 ",,,"  45,724 ",:09,,,296,:09,,,,,"  23,630 ","  3,941 ",,,"  24,146 ",:02,"  4,055 ",:58,,,,"  28,458 ","  10,519 ",,,"  29,515 ",:33,"  11,328 ",:28
,,"  42,456 ",,,"  45,724 ",:09,,,296,:09,,,,,"  23,630 ","  3,941 ",,,"  24,146 ",:02,"  4,055 ",:58,,,,"  28,458 ","  10,519 ",,,"  29,515 ",:33,"  11,328 ",:28
TOTALS,365,"  42,456 ",509,:29,"  45,724 ",:09,,,296,:09,,,TOTALS,365,"  23,630 ","  3,941 ",509,:29,"  24,146 ",:02,"  4,055 ",:58,,TOTALS,365,"  28,458 ","  10,519 ",509,:29,"  29,515 ",:33,"  11,328 ",:28
NOTE:     For monitoring purposes only.,,,,,,,,,,,,,,,,,,,,,,,,,,,,,,,,,